{
  "dinero": 20,
  "cant_A": 5,
  "cant_B": 5,
  "cant_C": 5,
  "brainrots": [
    {
      "tipo": "A",
      "x": 710.260800259002,
      "y": 291.35484309041186,
      "hambre": 98.85999999999996,
      "salud": 100
    }
  ]
}