{
  "dinero": 615,
  "cant_A": 2,
  "cant_B": 4,
  "cant_C": 5,
  "brainrots": [
    {
      "tipo": "A",
      "x": 438.4444395376568,
      "y": 353.22474019588657,
      "hambre": 82.64499999999934,
      "salud": 100
    },
    {
      "tipo": "B",
      "x": 665.4665035775437,
      "y": 296.6416015889128,
      "hambre": 73.23999999999899,
      "salud": 100
    },
    {
      "tipo": "C",
      "x": 495.77494271036545,
      "y": 304.35101560816787,
      "hambre": 74.76999999999904,
      "salud": 100
    }
  ]
}